gene_name,baseMean,log2FoldChange,lfcSE,pvalue,padj
Scd3,65.53952498931402,-1.6635351206774114,0.4137543869764035,2.194196351518674e-6,0.005346378830110401
